3473311960009;EAU DU SOIR 30 ml;790,00
3473311961006;EAU DU SOIR  50 ml;1120,00
3473311962003;EAU DU SOIR 100 ml;1950,00
3473311968159;COFFRET EAU DU SOIR 100 ml ;1950,00
3473311963208;SOIR D'ORIENT 50 ml;1120,00
3473311963109;SOIR D'ORIENT 100 ml;1950,00
3473311902009;EAU DE TOILETTE 50 ml;660,00
3473311902016;EAU DE CAMPAGNE 50 ml;660,00
3473311904027;EAU DE CAMPAGNE 100 ml;990,00
3473311980007;SOIR DE LUNE 30 ml;790,00
3473311980014;SOIR DE LUNE 50 ml;1120,00
3473311980021;SOIR DE LUNE 100 ml;1950,00
3473311985309;IZIA 30 ml;550,00
3473311985507;IZIA 50 ml;870,00
3473311985002;IZIA 100 ml;1470,00
3473311934000;EAU TROPICALE 100 ml;980,00
3473311934505;EAU TROPICALE 50 ml;650,00
3473311934307;EAU TROPICALE 30 ml;550,00
3473311941503;EAU D'IKAR 50 ml ;650,00
3473311805515;PHYTO TEINT EXPERT (8 teintes);790,00
3473311807106;SISLEYA LE TEINT (8 teintes);990,00
3473311801111;PHYTO POUDRE LIBRE (4 Teintes);600,00
3473311830517;BLUR EXPERT;600,00
3473311845009;INSTANT PERFECT;440,00
3473311846006;INSTANT ECLAT;550,00
3473311846013;INSTANT CORRECT (2 teintes);550,00
3473311847003;STYLO LUMIERE  (4 teintes);400,00
3473311840301;PHYTO TOUCHE ILLUSION D'ÉTÉ;690,00
3473311840035;PHYTO-TOUCHES TRIO (2 teintes);690,00
3473311815057;PALETTE ORCHIDEE;620,00
3473311815064;PALETTE ORCHIDEE ROSE;620,00
3473311815071;PALETTE ORCHIDEE CORAIL;620,00
3473311822116;PHYTO-BLUSH ECLAT (renovation gamme);550,00
3473311879011;PHYTO-BLUSH TWIST (4 teintes);420,00
3473311615213;PHYTO-CERNES ECLAT 15 ml (4 teintes);620,00
3473311850119;MASCARA ULTRA STRETCH;395,00
3473311853110;MASCARA VOLUME SO INTENSE (3 teintes);395,00
3473311853318;MASCARA SO CURL (3 teintes);395,00
3473311853417;MASCARA VOLUME ++ (3 teintes);395,00
3473311853219;SO INTENSE EYELINER;440,00
3473311873118;PHYTO-KHOL PERFECT (10 teintes);340,00
3473311874207;PHYTO-KHOL STAR WATERPROOF (8 teintes);330,00
3473311875013;PHYTO-SOURCILS PERFECT;345,00
3473311875211;PHYTO-SOURCILS DESIGN (3 teintes);380,00
3473311875402;PHYTO-SOURCILS FIX (3 teintes);330,00
3473311870117;PHYTO EYE TWIST (12 teintes);290,00
3473311876119;PHYTO-LEVRES PERFECT (10 teintes);330,00
3473311703033;PHYTO ROUGE A LEVRES  Longue Tenue;310,00
3473311703415;PHYTO-ROUGE (20 teintes);330,00
3473311704016;PHYTO LIP SHINE;320,00
3473311878014;PHYTO LIP TWIST (15 teintes);290,00
3473311800077;PINCEAU TRACEUR PAUPIERES;320,00
3473311800084;PINCEAU ESTOMPE PAUPIERES;370,00
3473311800091;PINCEAU OMBREUR PAUPIERES;370,00
3473311800107;PINCEAU POUDRE ;420,00
3473311800114;PINCEAU FOND DE TEINT FLUIDE;420,00
3473311800121;PINCEAU FOND DE TEINT;420,00
3473311800138;PINCEAU BLUSH;420,00
3473311800145;PINCEAU PHYTO-TOUCHE;425,00
3473311091000;DEMAQUILLANT YEUX / LEVRES;490,00
3473311130006;LYSLAIT;780,00
3473311082008;EAU EFFICACE 300 ml;830,00
3473311032003;LOTION TONIQUE AUX FLEURS 250ml;660,00
3473311042002;LOTION PAMPLEMOUSSE;660,00
3473311071019;LOTION PURIFIANTE EQUILIBRANTE;620,00
3473311061058;EAU FLORALE 100 ml;550,00
3473311238009;CR. GOMMANTE VISAGE;650,00
3473311524003;GEL NETTOYANT  &  GOMMANT;760,00
3473311415707;GEL NETTOYANT AUX RESINES TROPICALES 120 ml;560,00
3473311415653;MASQUE PURIFIANT PROFOND;790,00
3473311420008;GEL EXPRESS AUX FLEURS;890,00
3473311400000;MASQUE CREME A LA ROSE NOIRE;950,00
3473311426017;MASQUE ECLAT EXPRESS ARGILE ROUGE F.I.;790,00
3473311141002;EMULSION ECOLOGIQUE 125 ml;1580,00
3473311141316;EMULSION ECOLOGIQUE EDITION LIMITEE;1580,00
3473311140012;EMULSION ECOLOGIQUE 60 ml;900,00
3473311268006;CREME  HYDRATANTE CONCOMBRE;1150,00
3473311320001;HUILE PRECIEUSE A LA ROSE NOIRE 25 ml;1500,00
3473311502506;SISLEYA IER 50ml;3190,00
3473311506009;SISLEYA LOTION SOIN ESSENTIEL 150 ml;1150,00
3473311515001;SISLEYA ELIXIR;3390,00
3473311503107;SISLEYA L'INTEGRAL ANTI AGE SERUM CONCENTRE ANTI-RIDES 30ml;3290,00
3473311504500;SISLEYA L'INTEGRALE ANTI-AGE SERUM CONCENTRE FERMETE 30ml;3290,00
3473311510112;SISLEYA L'INTEGRAL YEUX ET LEVRES;1350,00
3473311540508;SUPREMYA YEUX;2000,00
3473311540003;SUPREMYA;4250,00
3473311540607;SUPREMYA BAUME;4250,00
3473311516008;BAUME EFFICACE 30 ml;940,00
3473311421005;MASQUE CONTOUR DES YEUX 30 ml;940,00
3473311266002;HYDRA-GLOBAL;1580,00
3473311266507;HYDRA-GLOBAL SERUM 30 ml;1680,00
3473311460011;SISLEYOUTH ANTI-POLLUTION;850,00
3473311320506;BAUME-EN-EAU A LA ROSE NOIRE 50 ml;1050,00
3473311592200;CONCENTRE CORRECTEUR TACHES 7 ml;1100,00
3473311623003;ALL DAY ALL YEAR;2490,00
3473311269003;SOIN VELOURS AUX FLEURS DE SAFRAN 50 ml;1350,00
3473311215000;CREME REPARATRICE (TUBE);1000,00
3473311415806;SOIN AUX RESINES TROPICALES 50 ml;900,00
3473311415905;SERUM AUX RESINES TROPICALES 30 ml;1100,00
3473311630018;BOTANICAL D-TOX 30 ml;1600,00
3473311611017;CONFORT EXTREME LEVRES;480,00
3473311601100;DOUBLE TENSEUR;1150,00
3473311550101;SISLEYUM peaux normales;1790,00
3473311530004;CONFORT EXTREME CORPS ;1020,00
3473311533111;CREME REPARATRICE CORPS 200 ml ;1130,00
3473311298102;CREME COU FORMULE ENRICHIE 50 ml;1150,00
3473311650023;PHYTOBUSTE + DECOLLETE 50 ml;1890,00
3473311508102;SISLEYA L'INTEGRAL ANTI-AGE CORPS 150 ml;2390,00
3473311514103;SISLEYA L'INTEGRAL SOIN DES MAINS 50 ml;985,00
3473311536020;EXFOLIANT MOUSSANT ENERGISANT 200 ml;930,00
3473311665003;CELLULINOV 200 ml;1620,00
3473311670106;HUILE AFFINANTE AU GINGEMBRE POUR LES JAMBES 150 ml;1260,00
3473311682123;SUPER SOIN SOLAIRE VISAGE SPF50+ 40 ml;1150,00
3473311692108;SERUM REVITALISANT FORTIFIANT 60 ml;960,00
3473311692207;SOIN LAVANT REVITALISANT VOLUMATEUR 200 ml;360,00
3473311692306;SOIN LAVANT REVITALISANT DISCIPLINANT 200 ml;360,00
3473311693204;SOIN LAVANT REVITALISANT LISSANT 200ml;360,00
3473311692405;CREME DEMELANTE RESTRUCTURANTE 200 ml;340,00
3473311692504;MASQUE SOIN REGENERANT 200 ml;470,00
3473311692603;HUILE PRECIEUSE CHEVEUX 100 ml;480,00
3473311692801;FLUIDE PROTECTEUR CHEVEUX UV - SEL - CHLORE 150ml;450,00
3473311692900;SPRAY VOLUME;450,00
3473311805522;PHYTO-TEINT EXPERT 0+ VANILLA 180552;790,00
3473311805539;PHYTO-TEINT EXPERT 1 IVORY 180553;790,00
3473311805546;PHYTO-TEINT EXPERT 2 SOFT BEIGE 180554;790,00
3473311805553;PHYTO-TEINT EXPERT 2+ SAND;790,00
3473311805560;PHYTO-TEINT EXPERT 3 NATURAL;790,00
3473311805577;PHYTO-TEINT EXPERT 4 HONEY 180557;790,00
3473311807113;SISLEYA LE TEINT 0 B PORCEL.;990,00
3473311807120;SISLEYA LE TEINT 1 B IVORY;990,00
3473311807144;SISLEYA LE TEINT 2 B LINEN;990,00
3473311807151;SISLEYA LE TEINT 3 R PEACH;990,00
3473311807168;SISLEYA LE TEINT 3 B ALMOND;990,00
3473311807175;SISLEYA LE TEINT 4 B CHESTNUT;990,00
3473311801128;PHYTO POUDRE LIBRE 2 MATE;600,00
3473311801135;PH-POUDRE LIBRE 3 ROSE ORIENT;600,00
3473311801142;PH-POUDRE LIBRE 4 SABLE;600,00
3473311806017;PHYTO-TEINT ECLAT COMPACT N1 IVORY;760,00
3473311806024;PHYTO-TEINT ECLAT COMPACT N2 SOFT BEIGE;760,00
3473311806031;PHYTO-TEINT ECLAT COMPACT N3 NATURAL;760,00
3473311806048;PHYTO-TEINT ECLAT COMPACT N4 HONEY;760,00
3473311846020;INSTANT CORRECT 2 JUST LAVENDER;550,00
3473311847010;STYLO LUMIERE 2 PEACH ROSE;400,00
3473311847027;STYLO LUMIERE 3 SOFT BEIGE;400,00
3473311847034;STYLO LUMIERE 4 GOLDEN BEIGESTYLO LUMIERE 4 GOLDEN BEIGE;400,00
3473311840042;PHYTO-TOUCHE TRIO PECHE DOREE;690,00
3473311879028;PHYTO-BLUSH TWIST FUSHIA;420,00
3473311879035;PHYTO-BLUSH TWIST PAPAYA;420,00
3473311879042;PHYTO-BLUSH TWIST GLOW;420,00
3473311879059;PHYTO-BLUSH TWIST CONTOUR;420,00
3473311879066;PHYTO-BLUSH TWIST PASSION;420,00
3473311615220;PHYTO-CERNES ECLAT NA 2 15ml;620,00
3473311615237;PHYTO-CERNES ECLAT NA 3 15ml;620,00
3473311615244;Phyto Cernes Eclat na 4;620,00
3473311865137;PHYTO-OMBRE GLOW GOLD;320,00
3473311853127;SO INTENSE MASCARA DEEP BROWN 02;395,00
3473311853134;SO INTENSE MASCARA DEEP BLUE 03;395,00
3473311853325;MASCARA SO CURL DEEP BROWN;395,00
3473311853332;MASCARA SO CURL DEEP BLUE;395,00
3473311853424;MASCARA SO VOLUME 2 DEEP BROWN;395,00
3473311853431;MASCARA SO VOLUME 3 DEEP BLUE;395,00
3473311874221;PHYTO-KHOL STAR WATERPROOF 3 SPAR.BROWN;330,00
3473311874238;PHYTO-KHOL STAR WATERPROOF 4 SPA.BRONZE;330,00
3473311874269;PHYTO-KHOL STAR WATERPROOF 7 MYST.BLUE;330,00
3473311875228;PHYTO-SOURCILS DESIGN 2ML - 2 CHATAIN;380,00
3473311875235;PHYTO-SOURCILS DESIGN 2ML - 3 BRUN;380,00
3473311875419;PHYTO-SOURCILS FIX 5ML SISLEY - 1 LIGHT MEDIUM;330,00
3473311875426;PHYTO-SOURCILS FIX 5ML SISLEY - 2 MEDIUM DARK;330,00
3473311870124;PHYTO-EYE TWIST 2 BRONZE;290,00
3473311870131;PHYTO-EYE TWIST 3 KHAKI;290,00
3473311870148;PHYTO-EYE TWIST 4 STEEL;290,00
3473311870155;PHYTO-EYE TWIST 5 LAGOON;290,00
3473311870162;PHYTO-EYE TWIST 6 MARINE;290,00
3473311870179;PHYTO-EYE TWIST 7 HAVANA;290,00
3473311870186;PHYTO-EYE TWIST 8 BLACK DIAMOND;290,00
3473311870193;PHYTO-EYE TWIST 9 PEARL;290,00
3473311870209;PHYTO-EYE TWIST 10 AMETHYST;290,00
3473311870216;PHYTO-EYE TWIST 11 COOPER;290,00
3473311870223;PHYTO-EYE TWIST 12 EMERALD;290,00
3473311870230;PHYTO-EYE TWIST 13 DEEP BLACK;290,00
3473311870247;PHYTO-EYE TWIST 14 BLACK ROSE;290,00
3473311870254;PHYTO EYE TWIST 15 BABY PINK;290,00
3473311876133;PHYTO-LEVRES PERFECT lipliner NÂ°3 ROSE THE;330,00
3473311876140;PHYTO-LEVRES PERFECT lipliner NÂ°4 ROSE PASSION;330,00
3473311876157;PHYTO-LEVRES PERFECT lipliner NÂ°5 BURGUNDY;330,00
3473311876164;PHYTO-LEVRES PERFECT  6 CHOCOLAT;330,00
3473311876171;PHYTO-LEVRES PERFECT NÂ°7 RUBY;330,00
3473311876188;PHYTO-LEVRES PERFECT 8 CORAL;330,00
3473311876195;PHYTO-LEVRES PERFECT 9 FUSHIA;330,00
3473311876201;PHYTO-LEVRES PERFECT 10 AUBURN;330,00
3473311703422;LE PHYTO-ROUGE 11 BEIGE TAHITI;330,00
3473311703439;LE PHYTO-ROUGE 12 BEIGE BALI;330,00
3473311703446;LE PHYTO-ROUGE 13 BEIGE ELDORADO;330,00
3473311703453;LE PHYTO-ROUGE 14 BEIGE COPACABANA;330,00
3473311703460;LE PHYTO-ROUGE 20 ROSE PORTOFINO;330,00
3473311703477;LE PHYTO-ROUGE 21 ROSE NOUMEA;330,00
3473311703484;LE PHYTO-ROUGE 22 ROSE PARIS;330,00
3473311703491;LE PHYTO-ROUGE 23 ROSE DELHI;330,00
3473311703514;LE PHYTO-ROUGE 25 ROSE KYOTO;330,00
3473311703521;LE PHYTO-ROUGE 26 ROSE GRANADA;330,00
3473311703538;LE PHYTO-ROUGE 30 ORANGE IBIZA;330,00
3473311703552;LE PHYTO-ROUGE 32 ORANGE CALVI;330,00
3473311703569;LE PHYTO-ROUGE SISLEY 3,4G - 33 ORANGE SERVILLA;330,00
3473311703576;LE PHYTO-ROUGE 40 ROUGE MONACO;330,00
3473311703590;LE PHYTO-ROUGE 42 ROUGE RIO;330,00
3473311704061;PHYTO-LIP SHINE 6 SHEER BURGUNDY 3G;320,00
3473311704085;PHYTO-LIP SHINE 8 SHEER CORAL 3G;320,00
3473311704122;PHYTO-LIP SHINE 12 SHEER PLUM 3G;320,00
3473311704139;PHYTO-LIP SHINE 13 SHEER BEIGE 3G ;320,00
3473311704184;PHYTO-LIP SHINE SHEER BERRY N 18;320,00
3473311878021;PHYTO-LIP TWIST 2 BABY;290,00
3473311878038;PHYTO-LIP TWIST 3 PEACH;290,00
3473311878052;PHYTO-LIP TWIST 5 BERRY;290,00
3473311878069;PHYTO-LIP TWIST 6 CHERRY;290,00
3473311878076;PHYTO LIP TWIST  7 coral;290,00
3473311878083;PHYTO LIP TWIST 8 candy;290,00
3473311878090;PHYTO LIP TWIST chestnut;290,00
3473311878113;PHYTO-LIP TWIST 11 LITCHI;290,00
3473311878137;PHYTO-LIP TWIST 13 POPPY;290,00
3473311878151;PHYTO-LIP TWIST 15 NUT;290,00
3473311878168;PHYTO-LIP TWIST 0 BALM;290,00
3473311878175;PHYTO-LIP TWIST 17 KISS;290,00
3473311878182;PHYTO-LIP TWIST 18 TANGO;290,00
3473311878199;PHYTO-LIP TWIST 19 BALLET;290,00
3473311878205;PHYTO-LIP TWIST 20 DRAMA;290,00
3473311878212;PHYTO-LIP TWIST 21 RUBY;290,00
3473311878229;PHYTO-LIP TWIST 22 BURGUNDY;290,00
3473311878236;PHYTO-LIP TWIST 23 BLACK ROSE;290,00
3473311061058;EAU FLORALE 125ML;550,00
3473311091000;DEMAQUILLANT DOUX POUR YEUX ET LEVRES 125ML;490,00
3473311215000;CREME REPARATRICE tube 40ML;1000,00
3473311450005;GLOBAL PERFECT SOIN PORE MINIMIZER 30ML;1400,00
3473311500502;Sisleya L'Integral Anti-age 50ML;3190,00
3473311502506;Sisleya L'Integral Anti-age Extra-Riche 50ML;3190,00
3473311866035;LES PHYTO-OMBRES 12 SILKY ROSE;320,00
3473311866059;LES PHYTO-OMBRES 14 SPARKLING TOPAZE;320,00
3473311866066;LES PHYTO-OMBRES 15 MAT TAUPE;320,00
3473311866073;LES PHYTO-OMBRES 20 SILKY CHESTNUT;320,00
3473311866097;LES PHYTO-OMBRES 22 MAT GRAPE;320,00
3473311866110;LES PHYTO-OMBRES 24 SILKY STEEL;320,00
3473311866127;LES PHYTO-OMBRES 25 METALLIC KHAKI;320,00
3473311866141;LES PHYTO-OMBRES 31 METALLIC PINK;320,00
3473311866165;LES PHYTO-OMBRES 33 METALLIC JEAN;320,00
3473311866189;LES PHYTO-OMBRES 40 GLOW PEARL;320,00
3473311866202;LES PHYTO-OMBRES 42 GLOW SILVER;320,00
3473311540003;SUPREMYA 50ML;4250,00
3473311590114;PHYTO_BLANC ABSOLUT WHITENING ESSENCE;2190,00
3473311593009;PHYTO_BLANC ULTRA LIGHTENING MASK;730,00
3473311664006;PHYTO-SVELT GLOBAL 200ML;1300,00
3473311687104;SUPER SOIN SOLAIRE BRUME LACTE CORPS SPF 30;870,00
3473311760012;PHYTO-LIP DELIGHT COOL;310,00
3473311760029;PHYTO-LIP DELIGHT PRETTY;310,00
3473311760036;PHYTO-LIP DELIGHT SWEET;310,00
3473311878045;PHYTO-LIP TWIST 4 PINK;280,00
3473311878106;PHYTO-LIP TWIST 10 SUGAR;280,00
3473311878120;PHYTO-LIP TWIST 12 MELON;280,00
3473311878144;PHYTO-LIP TWIST 14 LOVE;280,00
3473311704030;PHYTO LIP SHINE SHEER ROSE N° 3;310,00
3473311704078;PHYTO LIP SHINE PEACH N° 7;310,00
3473311704153;PHYTO-LIP SHINE 15 SHEER BALM;310,00
3473311751133;PHYTO-LIP GLOSS 3 ROSE 6ML;310,00
3473311751171;SISLEY PHYTO LIP GLOSS BRUN 7;310,00
3473311751188;PHYTO-LIP GLOSS 8 PINK;310,00
3473311751195;PHYTO-LIP GLOSS 9 PLUM;310,00
3473311800008;PINCEAU TRACEUR - EYESHADOW BRUSH LINER;280,00
3473311800015;PINCEAU ESTOMPE - EYESHADOW SHADING BRUSH;330,00
3473311800039;PINCEAU POUDRE LIBRE;380,00
3473311800046;PINCEAU FOND DE TENT - BRUSH FOR FOUNDATION;380,00
3473311800053;PINCEL BLUSH - BRUSH FOR BLUSH;374,00
3473311805034;PHYTO-TEINT ECLAT 3 NATURAL;690,00
3473311805119;PHYTO-TEINT ECLAT 6 AMBER;690,00
3473311805126;PHYTO-TEINT ECLAT 7 MOKA;690,00
3473311815200;PHYTO 4 OMBRES 3,4g - dream;650,00
3473311822123;PHYTO BLUSH ECLAT PINKY BERRY 2;550,00
3473311822130;PHYTO BLUSH ECLAT MANGO 3;550,00
3473311822147;PHYTO BLUSH ECLAT PINKY ROSE 4;550,00
3473311822154;PHYTO BLUSH ECLAT PINKY CORAL 5;550,00
3473311830227;PHYTO POUDRE COMPACTE NO.2 -TRANSPARENT IRISSE;620,00
3473311830234;PHYTO POUDRE COMPACTE NO.3 -TRANSPARENT SABLE/SAND;620,00
3473311850126;PHYTO MASCARA ULTRA STRETCH DEEP BROWN 2;395,00
3473311850133;PHYTO MASCARA ULTRA STRETCH DEEP BLUE 3;395,00
3473311863119;PHYTO OMBRE ECLAT   BURGUNDY N° 11 - 1,5G;295,00
3473311863126;PHYTO OMBRE ECLAT   BLACK N° 12;295,00
3473311863164;PHYTO-OMBRE ECLAT 16 SKY BLUE;295,00
3473311863171;PHYTO OMBRE ECLAT   STARDUST N° 17 - 1,5G;295,00
3473311863201;PHYTO-OMBRE ECLAT NÂ°20 MANGO 1,5g;295,00
3473311863218;PHYTO OMBRE ECLAT  BLACK DIAMOND N° 21;295,00
3473311863225;PHYTO OMBRE ECLAT 22 LINEN;295,00
3473311863232;PHYTO OMBRE ECLAT 23 VELVET;295,00
3473311873118;PHYTO KHOL PERFECT - BLACK 1,5;340,00
3473311873125;PHYTO KHOL PERFECT - BROWN 1,5 G;325,00
3473311873132°;PHYTO-KHOL PERFECT 3 STEEL;325,00
3473311873149;PHYTO-KHOL PERFECT 4 KHAKI;325,00
3473311873156ï;PHYTO-KHOL PERFECT 5 NAVY;325,00
3473311873163;PHYTO-KHOL PERFECT 6 PLUM;325,00
3473311873170;PHYTO-KHOL PERFECT 7 SNOW;325,00
3473311873187;PHYTO-KHOL PERFECT 8 PURPLE;325,00
3473311873194;LÁPIS OLHOS 1,5G  PHYTO KHOL PERFECT-DEEP JUNGLE;325,00
3473311873101;PHYTO-KHOL PERFECT NÂ°10 EBONY 1,5g;325,00
3473311875020;PHYTO SOURCILS PERFECT CHATAIN N°2;325,00
3473311875037;PHYTO SOURCILS PERFECT BRUN N° 3;325,00
3473311875044;PHYTO SOURCILS PERFECT CAPUCCINO N°4;325,00
3473311876126;PHYTO LEVRES 2 BEIGE NATUREL 1,45G;310,00
3473311904010;Eau de Campagne 100ml;990,00
3473311533210;RESTORATIVE HAND CREAM 75ml;590,00
3473311269102;VELVET SLEEPING MASK 60ml;825,00
3473311972033;TUBEROSE CANDLE;390,00
3473311972040;CAMPAGNE CANDLE;390,00
3473311540201;SUPREMYA YEUX PROGRAMME DECOUVERTE;1950,00
3473311934529;COFFRET EAU TROPICALE 50ml 2017;620,00
3473311874016;PHYTO-KHOL STAR N1 BLACK DIAMOND 1,8g;295,00
3473311525109;RADIANCE FOAMING CREAM 125ml;720,00
3473311805614;PHYTO-TEINT ULTRA ECLAT 1 IVORY;399,00
3473311805669;PHYTO-TEINT ULTRA ECLAT 2+ SAND;399,00
3473311805690;PHYTO-TEINT ULTRA ECLAT 3+ APRICOT;399,00
3473311805720;PHYTO-TEINT ULTRA ECLAT 4+ CINNAMON;399,00
3473311805737;PHYTO-TEINT ULTRA ECLAT 5+ TOFFEE;399,00
3473311805744;PHYTO-TEINT ULTRA ECLAT 6+ CHESNUT;399,00
3473311693105;PRE-SHAMPOO PURIF. MASK W/ WHITE CLAY;470,00
3473311964007;SISLEY EAU DU SOIR GEL DOUCHE BAIN 250ML;630,00
